{"fbRnnAdomModel":0.3690816765487051, "microsoft/GODEL-v1_1-base-seq2seq":0.37664428062602673,"facebook/blenderbot-400M-distill":0.3694251849513593}